trial,session,session_trial,trial_index,trial_type,picture_type,picture_label,sprang_form,suffix,suffix_label,rule_type,rule_id,stim_onset_s,stim_duration_s,repetition,total_repetition,item_repetition,rule_repetition,audio_file,recording_duration_s,duration_for_fmri_s,log_file,jitter_ms
1,1,1,1,trial-001-definis,3,definis,dofiniondo,is,-is,rule_is,4,10.5436,4.0,1,1,1,1,Sub6019_001_definis.wav,9.1975,9.1975,fmri_naming_task-20251218-161548-LNOIG.log,5198
2,1,2,2,trial-002-gustar,6,gustar,gustiando,ar,-ar,rule_ar,1,20.2769,4.0,1,1,1,1,Sub6019_002_gustar.wav,8.9868,8.9868,fmri_naming_task-20251218-161548-LNOIG.log,4987
3,1,3,3,trial-003-impedir,7,impedir,impediondo,ir,-ir,rule_ir,2,29.7935,4.0,1,1,1,1,Sub6019_003_impedir.wav,9.7317,9.7317,fmri_naming_task-20251218-161548-LNOIG.log,5732
4,1,4,4,trial-004-comenzas,2,comenzas,camenziando,as,-as,rule_as,3,40.06,4.0,1,1,1,1,Sub6019_004_comenzas.wav,10.4559,10.4559,fmri_naming_task-20251218-161548-LNOIG.log,6456
5,1,5,5,trial-005-montas,9,montas,mantiando,as,-as,rule_as,3,51.0432,4.0,1,1,1,2,Sub6019_005_montas.wav,10.4492,10.4492,fmri_naming_task-20251218-161548-LNOIG.log,6449
6,1,6,6,trial-006-avanzar,1,avanzar,avanziando,ar,-ar,rule_ar,1,62.0265,4.0,1,1,1,2,Sub6019_006_avanzar.wav,9.0892,9.0892,fmri_naming_task-20251218-161548-LNOIG.log,5089
7,1,7,7,trial-007-deprimir,4,deprimir,deprimiondo,ir,-ir,rule_ir,2,71.643,4.0,1,1,1,2,Sub6019_007_deprimir.wav,7.9811,7.9811,fmri_naming_task-20251218-161548-LNOIG.log,3981
8,1,8,8,trial-008-sentis,12,sentis,sontiondo,is,-is,rule_is,4,80.1596,4.0,1,1,1,2,Sub6019_008_sentis.wav,7.5628,7.5628,fmri_naming_task-20251218-161548-LNOIG.log,3563
9,1,9,9,trial-009-lavar,8,lavar,laviando,ar,-ar,rule_ar,1,88.2595,4.0,1,1,1,3,Sub6019_009_lavar.wav,7.5365,7.5365,fmri_naming_task-20251218-161548-LNOIG.log,3536
10,1,10,10,trial-010-dominas,5,dominas,damitiando,as,-as,rule_as,3,96.3261,4.0,1,1,1,3,Sub6019_010_dominas.wav,9.4888,9.4888,fmri_naming_task-20251218-161548-LNOIG.log,5489
11,1,11,11,trial-011-partir,10,partir,partiondo,ir,-ir,rule_ir,2,106.3427,4.0,1,1,1,3,Sub6019_011_partir.wav,7.712,7.712,fmri_naming_task-20251218-161548-LNOIG.log,3712
12,1,12,12,trial-012-recibis,11,recibis,rocibiondo,is,-is,rule_is,4,114.5926,4.0,1,1,1,3,Sub6019_012_recibis.wav,8.2849,8.2849,fmri_naming_task-20251218-161548-LNOIG.log,4285
13,1,13,13,trial-013-montas,9,montas,mantiando,as,-as,rule_as,3,123.4092,4.0,2,2,2,4,Sub6019_013_montas.wav,9.8828,9.8828,fmri_naming_task-20251218-161548-LNOIG.log,5883
14,1,14,14,trial-014-comenzas,2,comenzas,camenziando,as,-as,rule_as,3,133.8258,4.0,2,2,2,5,Sub6019_014_comenzas.wav,10.6104,10.6104,fmri_naming_task-20251218-161548-LNOIG.log,6610
15,1,15,15,trial-015-partir,10,partir,partiondo,ir,-ir,rule_ir,2,144.959,4.0,2,2,2,4,Sub6019_015_partir.wav,8.6312,8.6312,fmri_naming_task-20251218-161548-LNOIG.log,4631
16,1,16,16,trial-016-sentis,12,sentis,sontiondo,is,-is,rule_is,4,154.1256,4.0,2,2,2,4,Sub6019_016_sentis.wav,7.9696,7.9696,fmri_naming_task-20251218-161548-LNOIG.log,3970
17,1,17,17,trial-017-dominas,5,dominas,damitiando,as,-as,rule_as,3,162.6255,4.0,2,2,2,6,Sub6019_017_dominas.wav,8.0918,8.0918,fmri_naming_task-20251218-161548-LNOIG.log,4092
18,1,18,18,trial-018-gustar,6,gustar,gustiando,ar,-ar,rule_ar,1,171.2421,4.0,2,2,2,4,Sub6019_018_gustar.wav,8.1247,8.1247,fmri_naming_task-20251218-161548-LNOIG.log,4125
19,1,19,19,trial-019-impedir,7,impedir,impediondo,ir,-ir,rule_ir,2,179.892,4.0,2,2,2,5,Sub6019_019_impedir.wav,8.436,8.436,fmri_naming_task-20251218-161548-LNOIG.log,4436
20,1,20,20,trial-020-avanzar,1,avanzar,avanziando,ar,-ar,rule_ar,1,188.8586,4.0,2,2,2,5,Sub6019_020_avanzar.wav,7.9711,7.9711,fmri_naming_task-20251218-161548-LNOIG.log,3971
21,1,21,21,trial-021-definis,3,definis,dofiniondo,is,-is,rule_is,4,197.3585,4.0,2,2,2,5,Sub6019_021_definis.wav,7.7353,7.7353,fmri_naming_task-20251218-161548-LNOIG.log,3735
22,1,22,22,trial-022-deprimir,4,deprimir,deprimiondo,ir,-ir,rule_ir,2,205.6251,4.0,2,2,2,6,Sub6019_022_deprimir.wav,11.564,11.564,fmri_naming_task-20251218-161548-LNOIG.log,7564
23,1,23,23,trial-023-lavar,8,lavar,laviando,ar,-ar,rule_ar,1,217.725,4.0,2,2,2,6,Sub6019_023_lavar.wav,8.7243,8.7243,fmri_naming_task-20251218-161548-LNOIG.log,4724
24,1,24,24,trial-024-recibis,11,recibis,rocibiondo,is,-is,rule_is,4,226.9748,4.0,2,2,2,6,Sub6019_024_recibis.wav,10.9116,10.9116,fmri_naming_task-20251218-161548-LNOIG.log,6912
25,1,25,25,trial-025-impedir,7,impedir,impediondo,ir,-ir,rule_ir,2,238.4081,4.0,3,3,3,7,Sub6019_025_impedir.wav,7.3797,7.3797,fmri_naming_task-20251218-161548-LNOIG.log,3380
26,1,26,26,trial-026-comenzas,2,comenzas,camenziando,as,-as,rule_as,3,246.3247,4.0,3,3,3,7,Sub6019_026_comenzas.wav,9.1699,9.1699,fmri_naming_task-20251218-161548-LNOIG.log,5170
27,1,27,27,trial-027-montas,9,montas,mantiando,as,-as,rule_as,3,256.0246,4.0,3,3,3,8,Sub6019_027_montas.wav,7.8594,7.8594,fmri_naming_task-20251218-161548-LNOIG.log,3859
28,1,28,28,trial-028-recibis,11,recibis,rocibiondo,is,-is,rule_is,4,264.4078,4.0,3,3,3,7,Sub6019_028_recibis.wav,7.9565,7.9565,fmri_naming_task-20251218-161548-LNOIG.log,3956
29,1,29,29,trial-029-lavar,8,lavar,laviando,ar,-ar,rule_ar,1,272.8911,4.0,3,3,3,7,Sub6019_029_lavar.wav,8.6452,8.6452,fmri_naming_task-20251218-161548-LNOIG.log,4645
30,1,30,30,trial-030-dominas,5,dominas,damitiando,as,-as,rule_as,3,282.0577,4.0,3,3,3,9,Sub6019_030_dominas.wav,7.5388,7.5388,fmri_naming_task-20251218-161548-LNOIG.log,3539
31,1,31,31,trial-031-partir,10,partir,partiondo,ir,-ir,rule_ir,2,290.1242,4.0,3,3,3,8,Sub6019_031_partir.wav,7.6457,7.6457,fmri_naming_task-20251218-161548-LNOIG.log,3646
32,1,32,32,trial-032-avanzar,1,avanzar,avanziando,ar,-ar,rule_ar,1,298.2908,4.0,3,3,3,8,Sub6019_032_avanzar.wav,8.8865,8.8865,fmri_naming_task-20251218-161548-LNOIG.log,4886
33,1,33,33,trial-033-gustar,6,gustar,gustiando,ar,-ar,rule_ar,1,307.7074,4.0,3,3,3,9,Sub6019_033_gustar.wav,9.4575,9.4575,fmri_naming_task-20251218-161548-LNOIG.log,5458
34,1,34,34,trial-034-sentis,12,sentis,sontiondo,is,-is,rule_is,4,317.6906,4.0,3,3,3,8,Sub6019_034_sentis.wav,8.5757,8.5757,fmri_naming_task-20251218-161548-LNOIG.log,4576
35,1,35,35,trial-035-deprimir,4,deprimir,deprimiondo,ir,-ir,rule_ir,2,326.7906,4.0,3,3,3,9,Sub6019_035_deprimir.wav,7.5004,7.5004,fmri_naming_task-20251218-161548-LNOIG.log,3500
36,1,36,36,trial-036-definis,3,definis,dofiniondo,is,-is,rule_is,4,334.8238,4.0,3,3,3,9,Sub6019_036_definis.wav,8.0384,8.0384,fmri_naming_task-20251218-161548-LNOIG.log,4038
37,1,37,37,trial-037-lavar,8,lavar,laviando,ar,-ar,rule_ar,1,343.3904,4.0,4,4,4,10,Sub6019_037_lavar.wav,8.559,8.559,fmri_naming_task-20251218-161548-LNOIG.log,4559
38,1,38,38,trial-038-definis,3,definis,dofiniondo,is,-is,rule_is,4,352.4736,4.0,4,4,4,10,Sub6019_038_definis.wav,10.9325,10.9325,fmri_naming_task-20251218-161548-LNOIG.log,6933
39,1,39,39,trial-039-comenzas,2,comenzas,camenziando,as,-as,rule_as,3,363.9402,4.0,4,4,4,10,Sub6019_039_comenzas.wav,7.6501,7.6501,fmri_naming_task-20251218-161548-LNOIG.log,3650
40,1,40,40,trial-040-partir,10,partir,partiondo,ir,-ir,rule_ir,2,372.1234,4.0,4,4,4,10,Sub6019_040_partir.wav,9.7969,9.7969,fmri_naming_task-20251218-161548-LNOIG.log,5797
41,1,41,41,trial-041-montas,9,montas,mantiando,as,-as,rule_as,3,382.4567,4.0,4,4,4,11,Sub6019_041_montas.wav,9.5071,9.5071,fmri_naming_task-20251218-161548-LNOIG.log,5507
42,1,42,42,trial-042-recibis,11,recibis,rocibiondo,is,-is,rule_is,4,392.4899,4.0,4,4,4,11,Sub6019_042_recibis.wav,7.7488,7.7488,fmri_naming_task-20251218-161548-LNOIG.log,3749
43,1,43,43,trial-043-avanzar,1,avanzar,avanziando,ar,-ar,rule_ar,1,400.7732,4.0,4,4,4,11,Sub6019_043_avanzar.wav,8.7258,8.7258,fmri_naming_task-20251218-161548-LNOIG.log,4726
44,1,44,44,trial-044-deprimir,4,deprimir,deprimiondo,ir,-ir,rule_ir,2,410.0231,4.0,4,4,4,11,Sub6019_044_deprimir.wav,9.3069,9.3069,fmri_naming_task-20251218-161548-LNOIG.log,5307
45,1,45,45,trial-045-impedir,7,impedir,impediondo,ir,-ir,rule_ir,2,419.8563,4.0,4,4,4,12,Sub6019_045_impedir.wav,8.2202,8.2202,fmri_naming_task-20251218-161548-LNOIG.log,4220
46,1,46,46,trial-046-gustar,6,gustar,gustiando,ar,-ar,rule_ar,1,428.6062,4.0,4,4,4,12,Sub6019_046_gustar.wav,10.9653,10.9653,fmri_naming_task-20251218-161548-LNOIG.log,6965
47,1,47,47,trial-047-dominas,5,dominas,damitiando,as,-as,rule_as,3,440.1061,4.0,4,4,4,12,Sub6019_047_dominas.wav,9.6914,9.6914,fmri_naming_task-20251218-161548-LNOIG.log,5691
48,1,48,48,trial-048-sentis,12,sentis,sontiondo,is,-is,rule_is,4,450.3227,4.0,4,4,4,12,Sub6019_048_sentis.wav,10.4282,10.4282,fmri_naming_task-20251218-161548-LNOIG.log,6428
49,1,49,49,trial-049-impedir,7,impedir,impediondo,ir,-ir,rule_ir,2,461.2726,4.0,5,5,5,13,Sub6019_049_impedir.wav,8.5572,8.5572,fmri_naming_task-20251218-161548-LNOIG.log,4557
50,1,50,50,trial-050-recibis,11,recibis,rocibiondo,is,-is,rule_is,4,470.3558,4.0,5,5,5,13,Sub6019_050_recibis.wav,7.5492,7.5492,fmri_naming_task-20251218-161548-LNOIG.log,3549
51,1,51,51,trial-051-comenzas,2,comenzas,camenziando,as,-as,rule_as,3,478.4557,4.0,5,5,5,13,Sub6019_051_comenzas.wav,8.6487,8.6487,fmri_naming_task-20251218-161548-LNOIG.log,4649
52,1,52,52,trial-052-dominas,5,dominas,damitiando,as,-as,rule_as,3,487.639,4.0,5,5,5,14,Sub6019_052_dominas.wav,7.4229,7.4229,fmri_naming_task-20251218-161548-LNOIG.log,3423
53,1,53,53,trial-053-avanzar,1,avanzar,avanziando,ar,-ar,rule_ar,1,495.5889,4.0,5,5,5,13,Sub6019_053_avanzar.wav,9.0146,9.0146,fmri_naming_task-20251218-161548-LNOIG.log,5015
54,1,54,54,trial-054-partir,10,partir,partiondo,ir,-ir,rule_ir,2,505.1388,4.0,5,5,5,14,Sub6019_054_partir.wav,7.6308,7.6308,fmri_naming_task-20251218-161548-LNOIG.log,3631
55,1,55,55,trial-055-sentis,12,sentis,sontiondo,is,-is,rule_is,4,513.3054,4.0,5,5,5,14,Sub6019_055_sentis.wav,9.9575,9.9575,fmri_naming_task-20251218-161548-LNOIG.log,5958
56,1,56,56,trial-056-lavar,8,lavar,laviando,ar,-ar,rule_ar,1,523.7886,4.0,5,5,5,14,Sub6019_056_lavar.wav,8.3018,8.3018,fmri_naming_task-20251218-161548-LNOIG.log,4302
57,1,57,57,trial-057-gustar,6,gustar,gustiando,ar,-ar,rule_ar,1,532.6219,4.0,5,5,5,15,Sub6019_057_gustar.wav,7.9323,7.9323,fmri_naming_task-20251218-161548-LNOIG.log,3932
58,1,58,58,trial-058-deprimir,4,deprimir,deprimiondo,ir,-ir,rule_ir,2,541.0885,4.0,5,5,5,15,Sub6019_058_deprimir.wav,10.3478,10.3478,fmri_naming_task-20251218-161548-LNOIG.log,6348
59,1,59,59,trial-059-montas,9,montas,mantiando,as,-as,rule_as,3,551.9717,4.0,5,5,5,15,Sub6019_059_montas.wav,8.3633,8.3633,fmri_naming_task-20251218-161548-LNOIG.log,4363
60,1,60,60,trial-060-definis,3,definis,dofiniondo,is,-is,rule_is,4,560.8716,4.0,5,5,5,15,Sub6019_060_definis.wav,8.2309,8.2309,fmri_naming_task-20251218-161548-LNOIG.log,4231
61,2,1,61,trial-061-montas,9,montas,mantiando,as,-as,rule_as,3,10.5346,4.0,1,6,6,16,Sub6019_061_montas.wav,8.6487,8.6487,fmri_naming_task-20251218-162931-JLVRD.log,4649
62,2,2,62,trial-062-gustar,6,gustar,gustiando,ar,-ar,rule_ar,1,19.7179,4.0,1,6,6,16,Sub6019_062_gustar.wav,9.3748,9.3748,fmri_naming_task-20251218-162931-JLVRD.log,5375
63,2,3,63,trial-063-lavar,8,lavar,laviando,ar,-ar,rule_ar,1,29.6178,4.0,1,6,6,17,Sub6019_063_lavar.wav,8.1548,8.1548,fmri_naming_task-20251218-162931-JLVRD.log,4155
64,2,4,64,trial-064-sentis,12,sentis,sontiondo,is,-is,rule_is,4,38.3177,4.0,1,6,6,16,Sub6019_064_sentis.wav,10.0575,10.0575,fmri_naming_task-20251218-162931-JLVRD.log,6057
65,2,5,65,trial-065-dominas,5,dominas,damitiando,as,-as,rule_as,3,48.9009,4.0,1,6,6,17,Sub6019_065_dominas.wav,10.7074,10.7074,fmri_naming_task-20251218-162931-JLVRD.log,6707
66,2,6,66,trial-066-deprimir,4,deprimir,deprimiondo,ir,-ir,rule_ir,2,60.1342,4.0,1,6,6,16,Sub6019_066_deprimir.wav,8.1809,8.1809,fmri_naming_task-20251218-162931-JLVRD.log,4181
67,2,7,67,trial-067-impedir,7,impedir,impediondo,ir,-ir,rule_ir,2,68.8507,4.0,1,6,6,17,Sub6019_067_impedir.wav,8.0963,8.0963,fmri_naming_task-20251218-162931-JLVRD.log,4096
68,2,8,68,trial-068-comenzas,2,comenzas,camenziando,as,-as,rule_as,3,77.484,4.0,1,6,6,18,Sub6019_068_comenzas.wav,8.4697,8.4697,fmri_naming_task-20251218-162931-JLVRD.log,4470
69,2,9,69,trial-069-partir,10,partir,partiondo,ir,-ir,rule_ir,2,86.4839,4.0,1,6,6,18,Sub6019_069_partir.wav,8.0965,8.0965,fmri_naming_task-20251218-162931-JLVRD.log,4097
70,2,10,70,trial-070-avanzar,1,avanzar,avanziando,ar,-ar,rule_ar,1,95.1171,4.0,1,6,6,18,Sub6019_070_avanzar.wav,9.392,9.392,fmri_naming_task-20251218-162931-JLVRD.log,5392
71,2,11,71,trial-071-definis,3,definis,dofiniondo,is,-is,rule_is,4,105.0504,4.0,1,6,6,17,Sub6019_071_definis.wav,8.5295,8.5295,fmri_naming_task-20251218-162931-JLVRD.log,4529
72,2,12,72,trial-072-recibis,11,recibis,rocibiondo,is,-is,rule_is,4,114.117,4.0,1,6,6,18,Sub6019_072_recibis.wav,9.4712,9.4712,fmri_naming_task-20251218-162931-JLVRD.log,5471
73,2,13,73,trial-073-montas,9,montas,mantiando,as,-as,rule_as,3,124.1169,4.0,2,7,7,19,Sub6019_073_montas.wav,8.9616,8.9616,fmri_naming_task-20251218-162931-JLVRD.log,4962
74,2,14,74,trial-074-impedir,7,impedir,impediondo,ir,-ir,rule_ir,2,133.6001,4.0,2,7,7,19,Sub6019_074_impedir.wav,8.9837,8.9837,fmri_naming_task-20251218-162931-JLVRD.log,4984
75,2,15,75,trial-075-comenzas,2,comenzas,camenziando,as,-as,rule_as,3,143.1167,4.0,2,7,7,20,Sub6019_075_comenzas.wav,8.1161,8.1161,fmri_naming_task-20251218-162931-JLVRD.log,4116
76,2,16,76,trial-076-recibis,11,recibis,rocibiondo,is,-is,rule_is,4,151.7666,4.0,2,7,7,19,Sub6019_076_recibis.wav,8.9926,8.9926,fmri_naming_task-20251218-162931-JLVRD.log,4993
77,2,17,77,trial-077-avanzar,1,avanzar,avanziando,ar,-ar,rule_ar,1,161.2998,4.0,2,7,7,19,Sub6019_077_avanzar.wav,10.4335,10.4335,fmri_naming_task-20251218-162931-JLVRD.log,6433
78,2,18,78,trial-078-dominas,5,dominas,damitiando,as,-as,rule_as,3,172.2664,4.0,2,7,7,21,Sub6019_078_dominas.wav,8.4795,8.4795,fmri_naming_task-20251218-162931-JLVRD.log,4479
79,2,19,79,trial-079-sentis,12,sentis,sontiondo,is,-is,rule_is,4,181.283,4.0,2,7,7,20,Sub6019_079_sentis.wav,9.4431,9.4431,fmri_naming_task-20251218-162931-JLVRD.log,5443
80,2,20,80,trial-080-partir,10,partir,partiondo,ir,-ir,rule_ir,2,191.2496,4.0,2,7,7,20,Sub6019_080_partir.wav,8.5191,8.5191,fmri_naming_task-20251218-162931-JLVRD.log,4519
81,2,21,81,trial-081-definis,3,definis,dofiniondo,is,-is,rule_is,4,200.2995,4.0,2,7,7,21,Sub6019_081_definis.wav,10.0113,10.0113,fmri_naming_task-20251218-162931-JLVRD.log,6011
82,2,22,82,trial-082-lavar,8,lavar,laviando,ar,-ar,rule_ar,1,210.8327,4.0,2,7,7,20,Sub6019_082_lavar.wav,9.3849,9.3849,fmri_naming_task-20251218-162931-JLVRD.log,5385
83,2,23,83,trial-083-gustar,6,gustar,gustiando,ar,-ar,rule_ar,1,220.7493,4.0,2,7,7,21,Sub6019_083_gustar.wav,8.1742,8.1742,fmri_naming_task-20251218-162931-JLVRD.log,4174
84,2,24,84,trial-084-deprimir,4,deprimir,deprimiondo,ir,-ir,rule_ir,2,229.4492,4.0,2,7,7,21,Sub6019_084_deprimir.wav,11.1103,11.1103,fmri_naming_task-20251218-162931-JLVRD.log,7110
85,2,25,85,trial-085-comenzas,2,comenzas,camenziando,as,-as,rule_as,3,241.0824,4.0,3,8,8,22,Sub6019_085_comenzas.wav,10.4999,10.4999,fmri_naming_task-20251218-162931-JLVRD.log,6500
86,2,26,86,trial-086-impedir,7,impedir,impediondo,ir,-ir,rule_ir,2,252.1156,4.0,3,8,8,22,Sub6019_086_impedir.wav,8.4435,8.4435,fmri_naming_task-20251218-162931-JLVRD.log,4443
87,2,27,87,trial-087-gustar,6,gustar,gustiando,ar,-ar,rule_ar,1,261.0822,4.0,3,8,8,22,Sub6019_087_gustar.wav,10.7016,10.7016,fmri_naming_task-20251218-162931-JLVRD.log,6702
88,2,28,88,trial-088-lavar,8,lavar,laviando,ar,-ar,rule_ar,1,272.3154,4.0,3,8,8,23,Sub6019_088_lavar.wav,7.5177,7.5177,fmri_naming_task-20251218-162931-JLVRD.log,3518
89,2,29,89,trial-089-partir,10,partir,partiondo,ir,-ir,rule_ir,2,280.3654,4.0,3,8,8,23,Sub6019_089_partir.wav,8.0427,8.0427,fmri_naming_task-20251218-162931-JLVRD.log,4043
90,2,30,90,trial-090-definis,3,definis,dofiniondo,is,-is,rule_is,4,288.9319,4.0,3,8,8,22,Sub6019_090_definis.wav,7.8918,7.8918,fmri_naming_task-20251218-162931-JLVRD.log,3892
91,2,31,91,trial-091-montas,9,montas,mantiando,as,-as,rule_as,3,297.3485,4.0,3,8,8,23,Sub6019_091_montas.wav,7.8787,7.8787,fmri_naming_task-20251218-162931-JLVRD.log,3879
92,2,32,92,trial-092-dominas,5,dominas,damitiando,as,-as,rule_as,3,305.7484,4.0,3,8,8,24,Sub6019_092_dominas.wav,8.2715,8.2715,fmri_naming_task-20251218-162931-JLVRD.log,4272
93,2,33,93,trial-093-deprimir,4,deprimir,deprimiondo,ir,-ir,rule_ir,2,314.5483,4.0,3,8,8,24,Sub6019_093_deprimir.wav,8.6024,8.6024,fmri_naming_task-20251218-162931-JLVRD.log,4602
94,2,34,94,trial-094-recibis,11,recibis,rocibiondo,is,-is,rule_is,4,323.6816,4.0,3,8,8,23,Sub6019_094_recibis.wav,8.0354,8.0354,fmri_naming_task-20251218-162931-JLVRD.log,4035
95,2,35,95,trial-095-sentis,12,sentis,sontiondo,is,-is,rule_is,4,332.2482,4.0,3,8,8,24,Sub6019_095_sentis.wav,9.3721,9.3721,fmri_naming_task-20251218-162931-JLVRD.log,5372
96,2,36,96,trial-096-avanzar,1,avanzar,avanziando,ar,-ar,rule_ar,1,342.1481,4.0,3,8,8,24,Sub6019_096_avanzar.wav,8.9307,8.9307,fmri_naming_task-20251218-162931-JLVRD.log,4931
97,2,37,97,trial-097-dominas,5,dominas,damitiando,as,-as,rule_as,3,351.6147,4.0,4,9,9,25,Sub6019_097_dominas.wav,7.9041,7.9041,fmri_naming_task-20251218-162931-JLVRD.log,3904
98,2,38,98,trial-098-definis,3,definis,dofiniondo,is,-is,rule_is,4,360.0479,4.0,4,9,9,25,Sub6019_098_definis.wav,8.395,8.395,fmri_naming_task-20251218-162931-JLVRD.log,4395
99,2,39,99,trial-099-sentis,12,sentis,sontiondo,is,-is,rule_is,4,368.9645,4.0,4,9,9,26,Sub6019_099_sentis.wav,9.9497,9.9497,fmri_naming_task-20251218-162931-JLVRD.log,5950
100,2,40,100,trial-100-montas,9,montas,mantiando,as,-as,rule_as,3,379.4477,4.0,4,9,9,26,Sub6019_100_montas.wav,8.8646,8.8646,fmri_naming_task-20251218-162931-JLVRD.log,4865
101,2,41,101,trial-101-comenzas,2,comenzas,camenziando,as,-as,rule_as,3,388.8476,4.0,4,9,9,27,Sub6019_101_comenzas.wav,7.5031,7.5031,fmri_naming_task-20251218-162931-JLVRD.log,3503
102,2,42,102,trial-102-impedir,7,impedir,impediondo,ir,-ir,rule_ir,2,396.8809,4.0,4,9,9,25,Sub6019_102_impedir.wav,11.8227,11.8227,fmri_naming_task-20251218-162931-JLVRD.log,7823
103,2,43,103,trial-103-partir,10,partir,partiondo,ir,-ir,rule_ir,2,409.2308,4.0,4,9,9,26,Sub6019_103_partir.wav,8.652,8.652,fmri_naming_task-20251218-162931-JLVRD.log,4652
104,2,44,104,trial-104-gustar,6,gustar,gustiando,ar,-ar,rule_ar,1,418.414,4.0,4,9,9,25,Sub6019_104_gustar.wav,8.6178,8.6178,fmri_naming_task-20251218-162931-JLVRD.log,4618
105,2,45,105,trial-105-avanzar,1,avanzar,avanziando,ar,-ar,rule_ar,1,427.5639,4.0,4,9,9,26,Sub6019_105_avanzar.wav,10.1247,10.1247,fmri_naming_task-20251218-162931-JLVRD.log,6125
106,2,46,106,trial-106-recibis,11,recibis,rocibiondo,is,-is,rule_is,4,438.2138,4.0,4,9,9,27,Sub6019_106_recibis.wav,7.9315,7.9315,fmri_naming_task-20251218-162931-JLVRD.log,3931
107,2,47,107,trial-107-deprimir,4,deprimir,deprimiondo,ir,-ir,rule_ir,2,446.6804,4.0,4,9,9,27,Sub6019_107_deprimir.wav,10.5565,10.5565,fmri_naming_task-20251218-162931-JLVRD.log,6556
108,2,48,108,trial-108-lavar,8,lavar,laviando,ar,-ar,rule_ar,1,457.7636,4.0,4,9,9,27,Sub6019_108_lavar.wav,7.913,7.913,fmri_naming_task-20251218-162931-JLVRD.log,3913
109,2,49,109,trial-109-montas,9,montas,mantiando,as,-as,rule_as,3,466.2135,4.0,5,10,10,28,Sub6019_109_montas.wav,9.6207,9.6207,fmri_naming_task-20251218-162931-JLVRD.log,5621
110,2,50,110,trial-110-impedir,7,impedir,impediondo,ir,-ir,rule_ir,2,476.3634,4.0,5,10,10,28,Sub6019_110_impedir.wav,9.5627,9.5627,fmri_naming_task-20251218-162931-JLVRD.log,5563
111,2,51,111,trial-111-partir,10,partir,partiondo,ir,-ir,rule_ir,2,486.4633,4.0,5,10,10,29,Sub6019_111_partir.wav,8.7904,8.7904,fmri_naming_task-20251218-162931-JLVRD.log,4790
112,2,52,112,trial-112-comenzas,2,comenzas,camenziando,as,-as,rule_as,3,495.7799,4.0,5,10,10,29,Sub6019_112_comenzas.wav,8.8276,8.8276,fmri_naming_task-20251218-162931-JLVRD.log,4828
113,2,53,113,trial-113-deprimir,4,deprimir,deprimiondo,ir,-ir,rule_ir,2,505.1298,4.0,5,10,10,30,Sub6019_113_deprimir.wav,9.5201,9.5201,fmri_naming_task-20251218-162931-JLVRD.log,5520
114,2,54,114,trial-114-recibis,11,recibis,rocibiondo,is,-is,rule_is,4,515.1964,4.0,5,10,10,28,Sub6019_114_recibis.wav,9.5867,9.5867,fmri_naming_task-20251218-162931-JLVRD.log,5587
115,2,55,115,trial-115-gustar,6,gustar,gustiando,ar,-ar,rule_ar,1,525.313,4.0,5,10,10,28,Sub6019_115_gustar.wav,8.8583,8.8583,fmri_naming_task-20251218-162931-JLVRD.log,4858
116,2,56,116,trial-116-avanzar,1,avanzar,avanziando,ar,-ar,rule_ar,1,534.6962,4.0,5,10,10,29,Sub6019_116_avanzar.wav,8.9719,8.9719,fmri_naming_task-20251218-162931-JLVRD.log,4972
117,2,57,117,trial-117-sentis,12,sentis,sontiondo,is,-is,rule_is,4,544.1961,4.0,5,10,10,29,Sub6019_117_sentis.wav,8.4995,8.4995,fmri_naming_task-20251218-162931-JLVRD.log,4499
118,2,58,118,trial-118-lavar,8,lavar,laviando,ar,-ar,rule_ar,1,553.2294,4.0,5,10,10,30,Sub6019_118_lavar.wav,10.2871,10.2871,fmri_naming_task-20251218-162931-JLVRD.log,6287
119,2,59,119,trial-119-definis,3,definis,dofiniondo,is,-is,rule_is,4,564.0459,4.0,5,10,10,30,Sub6019_119_definis.wav,7.8599,7.8599,fmri_naming_task-20251218-162931-JLVRD.log,3860
120,2,60,120,trial-120-dominas,5,dominas,damitiando,as,-as,rule_as,3,572.4292,4.0,5,10,10,30,Sub6019_120_dominas.wav,8.1702,8.1702,fmri_naming_task-20251218-162931-JLVRD.log,4170
121,3,1,121,trial-121-recibis,11,recibis,rocibiondo,is,-is,rule_is,4,10.5405,4.0,1,11,11,31,Sub6019_121_recibis.wav,10.5709,10.5709,fmri_naming_task-20251218-164014-EXIPG.log,6571
122,3,2,122,trial-122-montas,9,montas,mantiando,as,-as,rule_as,3,21.6404,4.0,1,11,11,31,Sub6019_122_montas.wav,10.4148,10.4148,fmri_naming_task-20251218-164014-EXIPG.log,6415
123,3,3,123,trial-123-deprimir,4,deprimir,deprimiondo,ir,-ir,rule_ir,2,32.5903,4.0,1,11,11,31,Sub6019_123_deprimir.wav,7.7334,7.7334,fmri_naming_task-20251218-164014-EXIPG.log,3733
124,3,4,124,trial-124-sentis,12,sentis,sontiondo,is,-is,rule_is,4,40.8569,4.0,1,11,11,32,Sub6019_124_sentis.wav,8.1792,8.1792,fmri_naming_task-20251218-164014-EXIPG.log,4179
125,3,5,125,trial-125-definis,3,definis,dofiniondo,is,-is,rule_is,4,49.5735,4.0,1,11,11,33,Sub6019_125_definis.wav,7.2489,7.2489,fmri_naming_task-20251218-164014-EXIPG.log,3249
126,3,6,126,trial-126-dominas,5,dominas,damitiando,as,-as,rule_as,3,57.3567,4.0,1,11,11,32,Sub6019_126_dominas.wav,9.6292,9.6292,fmri_naming_task-20251218-164014-EXIPG.log,5629
127,3,7,127,trial-127-comenzas,2,comenzas,camenziando,as,-as,rule_as,3,67.5233,4.0,1,11,11,33,Sub6019_127_comenzas.wav,8.0234,8.0234,fmri_naming_task-20251218-164014-EXIPG.log,4023
128,3,8,128,trial-128-impedir,7,impedir,impediondo,ir,-ir,rule_ir,2,76.0732,4.0,1,11,11,32,Sub6019_128_impedir.wav,10.6495,10.6495,fmri_naming_task-20251218-164014-EXIPG.log,6649
129,3,9,129,trial-129-partir,10,partir,partiondo,ir,-ir,rule_ir,2,87.2564,4.0,1,11,11,33,Sub6019_129_partir.wav,8.7899,8.7899,fmri_naming_task-20251218-164014-EXIPG.log,4790
130,3,10,130,trial-130-lavar,8,lavar,laviando,ar,-ar,rule_ar,1,96.573,4.0,1,11,11,31,Sub6019_130_lavar.wav,7.4507,7.4507,fmri_naming_task-20251218-164014-EXIPG.log,3451
131,3,11,131,trial-131-avanzar,1,avanzar,avanziando,ar,-ar,rule_ar,1,104.5563,4.0,1,11,11,32,Sub6019_131_avanzar.wav,9.2855,9.2855,fmri_naming_task-20251218-164014-EXIPG.log,5286
132,3,12,132,trial-132-gustar,6,gustar,gustiando,ar,-ar,rule_ar,1,114.3728,4.0,1,11,11,33,Sub6019_132_gustar.wav,8.1603,8.1603,fmri_naming_task-20251218-164014-EXIPG.log,4160
133,3,13,133,trial-133-lavar,8,lavar,laviando,ar,-ar,rule_ar,1,123.0561,4.0,2,12,12,34,Sub6019_133_lavar.wav,11.5136,11.5136,fmri_naming_task-20251218-164014-EXIPG.log,7514
134,3,14,134,trial-134-comenzas,2,comenzas,camenziando,as,-as,rule_as,3,135.106,4.0,2,12,12,34,Sub6019_134_comenzas.wav,7.9068,7.9068,fmri_naming_task-20251218-164014-EXIPG.log,3907
135,3,15,135,trial-135-partir,10,partir,partiondo,ir,-ir,rule_ir,2,143.5392,4.0,2,12,12,34,Sub6019_135_partir.wav,8.1704,8.1704,fmri_naming_task-20251218-164014-EXIPG.log,4170
136,3,16,136,trial-136-recibis,11,recibis,rocibiondo,is,-is,rule_is,4,152.2391,4.0,2,12,12,34,Sub6019_136_recibis.wav,8.0005,8.0005,fmri_naming_task-20251218-164014-EXIPG.log,4000
137,3,17,137,trial-137-deprimir,4,deprimir,deprimiondo,ir,-ir,rule_ir,2,160.7724,4.0,2,12,12,35,Sub6019_137_deprimir.wav,9.4833,9.4833,fmri_naming_task-20251218-164014-EXIPG.log,5483
138,3,18,138,trial-138-gustar,6,gustar,gustiando,ar,-ar,rule_ar,1,170.7889,4.0,2,12,12,35,Sub6019_138_gustar.wav,7.5952,7.5952,fmri_naming_task-20251218-164014-EXIPG.log,3595
139,3,19,139,trial-139-dominas,5,dominas,damitiando,as,-as,rule_as,3,178.9055,4.0,2,12,12,35,Sub6019_139_dominas.wav,11.8753,11.8753,fmri_naming_task-20251218-164014-EXIPG.log,7875
140,3,20,140,trial-140-impedir,7,impedir,impediondo,ir,-ir,rule_ir,2,191.3054,4.0,2,12,12,36,Sub6019_140_impedir.wav,7.9325,7.9325,fmri_naming_task-20251218-164014-EXIPG.log,3933
141,3,21,141,trial-141-sentis,12,sentis,sontiondo,is,-is,rule_is,4,199.7887,4.0,2,12,12,35,Sub6019_141_sentis.wav,8.514,8.514,fmri_naming_task-20251218-164014-EXIPG.log,4514
142,3,22,142,trial-142-definis,3,definis,dofiniondo,is,-is,rule_is,4,208.8386,4.0,2,12,12,36,Sub6019_142_definis.wav,8.2613,8.2613,fmri_naming_task-20251218-164014-EXIPG.log,4261
143,3,23,143,trial-143-montas,9,montas,mantiando,as,-as,rule_as,3,217.6218,4.0,2,12,12,36,Sub6019_143_montas.wav,8.1028,8.1028,fmri_naming_task-20251218-164014-EXIPG.log,4103
144,3,24,144,trial-144-avanzar,1,avanzar,avanziando,ar,-ar,rule_ar,1,226.2551,4.0,2,12,12,36,Sub6019_144_avanzar.wav,7.7302,7.7302,fmri_naming_task-20251218-164014-EXIPG.log,3730
145,3,25,145,trial-145-definis,3,definis,dofiniondo,is,-is,rule_is,4,234.5217,4.0,3,13,13,37,Sub6019_145_definis.wav,10.8112,10.8112,fmri_naming_task-20251218-164014-EXIPG.log,6811
146,3,26,146,trial-146-deprimir,4,deprimir,deprimiondo,ir,-ir,rule_ir,2,245.8549,4.0,3,13,13,37,Sub6019_146_deprimir.wav,10.6887,10.6887,fmri_naming_task-20251218-164014-EXIPG.log,6689
147,3,27,147,trial-147-dominas,5,dominas,damitiando,as,-as,rule_as,3,257.0714,4.0,3,13,13,37,Sub6019_147_dominas.wav,9.9713,9.9713,fmri_naming_task-20251218-164014-EXIPG.log,5971
148,3,28,148,trial-148-avanzar,1,avanzar,avanziando,ar,-ar,rule_ar,1,267.5713,4.0,3,13,13,37,Sub6019_148_avanzar.wav,9.148,9.148,fmri_naming_task-20251218-164014-EXIPG.log,5148
149,3,29,149,trial-149-lavar,8,lavar,laviando,ar,-ar,rule_ar,1,277.2546,4.0,3,13,13,38,Sub6019_149_lavar.wav,8.7687,8.7687,fmri_naming_task-20251218-164014-EXIPG.log,4769
150,3,30,150,trial-150-impedir,7,impedir,impediondo,ir,-ir,rule_ir,2,286.5545,4.0,3,13,13,38,Sub6019_150_impedir.wav,9.4201,9.4201,fmri_naming_task-20251218-164014-EXIPG.log,5420
151,3,31,151,trial-151-partir,10,partir,partiondo,ir,-ir,rule_ir,2,296.5044,4.0,3,13,13,39,Sub6019_151_partir.wav,10.0186,10.0186,fmri_naming_task-20251218-164014-EXIPG.log,6019
152,3,32,152,trial-152-sentis,12,sentis,sontiondo,is,-is,rule_is,4,307.0543,4.0,3,13,13,38,Sub6019_152_sentis.wav,11.1654,11.1654,fmri_naming_task-20251218-164014-EXIPG.log,7165
153,3,33,153,trial-153-comenzas,2,comenzas,camenziando,as,-as,rule_as,3,318.7542,4.0,3,13,13,38,Sub6019_153_comenzas.wav,9.836,9.836,fmri_naming_task-20251218-164014-EXIPG.log,5836
154,3,34,154,trial-154-montas,9,montas,mantiando,as,-as,rule_as,3,329.1207,4.0,3,13,13,39,Sub6019_154_montas.wav,8.7984,8.7984,fmri_naming_task-20251218-164014-EXIPG.log,4798
155,3,35,155,trial-155-recibis,11,recibis,rocibiondo,is,-is,rule_is,4,338.454,4.0,3,13,13,39,Sub6019_155_recibis.wav,9.8201,9.8201,fmri_naming_task-20251218-164014-EXIPG.log,5820
156,3,36,156,trial-156-gustar,6,gustar,gustiando,ar,-ar,rule_ar,1,348.8039,4.0,3,13,13,39,Sub6019_156_gustar.wav,7.9035,7.9035,fmri_naming_task-20251218-164014-EXIPG.log,3903
157,3,37,157,trial-157-avanzar,1,avanzar,avanziando,ar,-ar,rule_ar,1,357.2371,4.0,4,14,14,40,Sub6019_157_avanzar.wav,8.7631,8.7631,fmri_naming_task-20251218-164014-EXIPG.log,4763
158,3,38,158,trial-158-definis,3,definis,dofiniondo,is,-is,rule_is,4,366.537,4.0,4,14,14,40,Sub6019_158_definis.wav,8.7545,8.7545,fmri_naming_task-20251218-164014-EXIPG.log,4755
159,3,39,159,trial-159-comenzas,2,comenzas,camenziando,as,-as,rule_as,3,375.8203,4.0,4,14,14,40,Sub6019_159_comenzas.wav,8.8483,8.8483,fmri_naming_task-20251218-164014-EXIPG.log,4848
160,3,40,160,trial-160-montas,9,montas,mantiando,as,-as,rule_as,3,385.2035,4.0,4,14,14,41,Sub6019_160_montas.wav,9.1997,9.1997,fmri_naming_task-20251218-164014-EXIPG.log,5200
161,3,41,161,trial-161-sentis,12,sentis,sontiondo,is,-is,rule_is,4,394.9368,4.0,4,14,14,41,Sub6019_161_sentis.wav,9.5617,9.5617,fmri_naming_task-20251218-164014-EXIPG.log,5562
162,3,42,162,trial-162-impedir,7,impedir,impediondo,ir,-ir,rule_ir,2,405.02,4.0,4,14,14,40,Sub6019_162_impedir.wav,9.7439,9.7439,fmri_naming_task-20251218-164014-EXIPG.log,5744
163,3,43,163,trial-163-dominas,5,dominas,damitiando,as,-as,rule_as,3,415.2866,4.0,4,14,14,42,Sub6019_163_dominas.wav,7.8116,7.8116,fmri_naming_task-20251218-164014-EXIPG.log,3812
164,3,44,164,trial-164-lavar,8,lavar,laviando,ar,-ar,rule_ar,1,423.6365,4.0,4,14,14,41,Sub6019_164_lavar.wav,7.3824,7.3824,fmri_naming_task-20251218-164014-EXIPG.log,3382
165,3,45,165,trial-165-partir,10,partir,partiondo,ir,-ir,rule_ir,2,431.5531,4.0,4,14,14,41,Sub6019_165_partir.wav,8.7159,8.7159,fmri_naming_task-20251218-164014-EXIPG.log,4716
166,3,46,166,trial-166-recibis,11,recibis,rocibiondo,is,-is,rule_is,4,440.803,4.0,4,14,14,42,Sub6019_166_recibis.wav,11.4512,11.4512,fmri_naming_task-20251218-164014-EXIPG.log,7451
167,3,47,167,trial-167-deprimir,4,deprimir,deprimiondo,ir,-ir,rule_ir,2,452.7862,4.0,4,14,14,42,Sub6019_167_deprimir.wav,10.1546,10.1546,fmri_naming_task-20251218-164014-EXIPG.log,6155
168,3,48,168,trial-168-gustar,6,gustar,gustiando,ar,-ar,rule_ar,1,463.4694,4.0,4,14,14,42,Sub6019_168_gustar.wav,8.4451,8.4451,fmri_naming_task-20251218-164014-EXIPG.log,4445
169,3,49,169,trial-169-impedir,7,impedir,impediondo,ir,-ir,rule_ir,2,472.436,4.0,5,15,15,43,Sub6019_169_impedir.wav,11.0332,11.0332,fmri_naming_task-20251218-164014-EXIPG.log,7033
170,3,50,170,trial-170-comenzas,2,comenzas,camenziando,as,-as,rule_as,3,484.0025,4.0,5,15,15,43,Sub6019_170_comenzas.wav,8.6163,8.6163,fmri_naming_task-20251218-164014-EXIPG.log,4616
171,3,51,171,trial-171-dominas,5,dominas,damitiando,as,-as,rule_as,3,493.1525,4.0,5,15,15,44,Sub6019_171_dominas.wav,7.9223,7.9223,fmri_naming_task-20251218-164014-EXIPG.log,3922
172,3,52,172,trial-172-sentis,12,sentis,sontiondo,is,-is,rule_is,4,501.6024,4.0,5,15,15,43,Sub6019_172_sentis.wav,9.5225,9.5225,fmri_naming_task-20251218-164014-EXIPG.log,5523
173,3,53,173,trial-173-recibis,11,recibis,rocibiondo,is,-is,rule_is,4,511.6523,4.0,5,15,15,44,Sub6019_173_recibis.wav,10.019,10.019,fmri_naming_task-20251218-164014-EXIPG.log,6019
174,3,54,174,trial-174-lavar,8,lavar,laviando,ar,-ar,rule_ar,1,522.2022,4.0,5,15,15,43,Sub6019_174_lavar.wav,8.0987,8.0987,fmri_naming_task-20251218-164014-EXIPG.log,4099
175,3,55,175,trial-175-avanzar,1,avanzar,avanziando,ar,-ar,rule_ar,1,530.8354,4.0,5,15,15,44,Sub6019_175_avanzar.wav,10.0226,10.0226,fmri_naming_task-20251218-164014-EXIPG.log,6023
176,3,56,176,trial-176-deprimir,4,deprimir,deprimiondo,ir,-ir,rule_ir,2,541.3853,4.0,5,15,15,44,Sub6019_176_deprimir.wav,8.4375,8.4375,fmri_naming_task-20251218-164014-EXIPG.log,4438
177,3,57,177,trial-177-definis,3,definis,dofiniondo,is,-is,rule_is,4,550.3519,4.0,5,15,15,45,Sub6019_177_definis.wav,7.5372,7.5372,fmri_naming_task-20251218-164014-EXIPG.log,3537
178,3,58,178,trial-178-partir,10,partir,partiondo,ir,-ir,rule_ir,2,558.4185,4.0,5,15,15,45,Sub6019_178_partir.wav,9.2783,9.2783,fmri_naming_task-20251218-164014-EXIPG.log,5278
179,3,59,179,trial-179-montas,9,montas,mantiando,as,-as,rule_as,3,568.2184,4.0,5,15,15,45,Sub6019_179_montas.wav,8.4478,8.4478,fmri_naming_task-20251218-164014-EXIPG.log,4448
180,3,60,180,trial-180-gustar,6,gustar,gustiando,ar,-ar,rule_ar,1,577.2016,4.0,5,15,15,45,Sub6019_180_gustar.wav,7.8813,7.8813,fmri_naming_task-20251218-164014-EXIPG.log,3881
181,4,1,181,trial-181-avanzar,1,avanzar,avanziando,ar,-ar,rule_ar,1,10.5341,4.0,1,16,16,46,Sub6019_181_avanzar.wav,11.3045,11.3045,fmri_naming_task-20251218-165107-NLIGU.log,7304
182,4,2,182,trial-182-definis,3,definis,dofiniondo,is,-is,rule_is,4,22.3673,4.0,1,16,16,46,Sub6019_182_definis.wav,9.8436,9.8436,fmri_naming_task-20251218-165107-NLIGU.log,5844
183,4,3,183,trial-183-partir,10,partir,partiondo,ir,-ir,rule_ir,2,32.7339,4.0,1,16,16,46,Sub6019_183_partir.wav,9.3441,9.3441,fmri_naming_task-20251218-165107-NLIGU.log,5344
184,4,4,184,trial-184-gustar,6,gustar,gustiando,ar,-ar,rule_ar,1,42.6004,4.0,1,16,16,47,Sub6019_184_gustar.wav,8.0587,8.0587,fmri_naming_task-20251218-165107-NLIGU.log,4059
185,4,5,185,trial-185-comenzas,2,comenzas,camenziando,as,-as,rule_as,3,51.1837,4.0,1,16,16,46,Sub6019_185_comenzas.wav,7.3448,7.3448,fmri_naming_task-20251218-165107-NLIGU.log,3345
186,4,6,186,trial-186-lavar,8,lavar,laviando,ar,-ar,rule_ar,1,59.0503,4.0,1,16,16,48,Sub6019_186_lavar.wav,8.2825,8.2825,fmri_naming_task-20251218-165107-NLIGU.log,4283
187,4,7,187,trial-187-sentis,12,sentis,sontiondo,is,-is,rule_is,4,67.8669,4.0,1,16,16,47,Sub6019_187_sentis.wav,8.8406,8.8406,fmri_naming_task-20251218-165107-NLIGU.log,4841
188,4,8,188,trial-188-deprimir,4,deprimir,deprimiondo,ir,-ir,rule_ir,2,77.2334,4.0,1,16,16,47,Sub6019_188_deprimir.wav,7.5074,7.5074,fmri_naming_task-20251218-165107-NLIGU.log,3507
189,4,9,189,trial-189-montas,9,montas,mantiando,as,-as,rule_as,3,85.2667,4.0,1,16,16,47,Sub6019_189_montas.wav,9.1557,9.1557,fmri_naming_task-20251218-165107-NLIGU.log,5156
190,4,10,190,trial-190-impedir,7,impedir,impediondo,ir,-ir,rule_ir,2,94.9499,4.0,1,16,16,48,Sub6019_190_impedir.wav,9.6102,9.6102,fmri_naming_task-20251218-165107-NLIGU.log,5610
191,4,11,191,trial-191-recibis,11,recibis,rocibiondo,is,-is,rule_is,4,105.0832,4.0,1,16,16,48,Sub6019_191_recibis.wav,10.6032,10.6032,fmri_naming_task-20251218-165107-NLIGU.log,6603
192,4,12,192,trial-192-dominas,5,dominas,damitiando,as,-as,rule_as,3,116.2164,4.0,1,16,16,48,Sub6019_192_dominas.wav,9.7359,9.7359,fmri_naming_task-20251218-165107-NLIGU.log,5736
193,4,13,193,trial-193-comenzas,2,comenzas,camenziando,as,-as,rule_as,3,126.4829,4.0,2,17,17,49,Sub6019_193_comenzas.wav,7.9499,7.9499,fmri_naming_task-20251218-165107-NLIGU.log,3950
194,4,14,194,trial-194-recibis,11,recibis,rocibiondo,is,-is,rule_is,4,134.9662,4.0,2,17,17,49,Sub6019_194_recibis.wav,9.453,9.453,fmri_naming_task-20251218-165107-NLIGU.log,5453
195,4,15,195,trial-195-montas,9,montas,mantiando,as,-as,rule_as,3,144.9494,4.0,2,17,17,50,Sub6019_195_montas.wav,9.5936,9.5936,fmri_naming_task-20251218-165107-NLIGU.log,5594
196,4,16,196,trial-196-lavar,8,lavar,laviando,ar,-ar,rule_ar,1,155.066,4.0,2,17,17,49,Sub6019_196_lavar.wav,8.2519,8.2519,fmri_naming_task-20251218-165107-NLIGU.log,4252
197,4,17,197,trial-197-definis,3,definis,dofiniondo,is,-is,rule_is,4,163.8493,4.0,2,17,17,50,Sub6019_197_definis.wav,10.4849,10.4849,fmri_naming_task-20251218-165107-NLIGU.log,6485
198,4,18,198,trial-198-partir,10,partir,partiondo,ir,-ir,rule_ir,2,174.8658,4.0,2,17,17,49,Sub6019_198_partir.wav,9.2878,9.2878,fmri_naming_task-20251218-165107-NLIGU.log,5288
199,4,19,199,trial-199-avanzar,1,avanzar,avanziando,ar,-ar,rule_ar,1,184.6824,4.0,2,17,17,50,Sub6019_199_avanzar.wav,7.8645,7.8645,fmri_naming_task-20251218-165107-NLIGU.log,3865
200,4,20,200,trial-200-sentis,12,sentis,sontiondo,is,-is,rule_is,4,193.0823,4.0,2,17,17,51,Sub6019_200_sentis.wav,9.4003,9.4003,fmri_naming_task-20251218-165107-NLIGU.log,5400
201,4,21,201,trial-201-impedir,7,impedir,impediondo,ir,-ir,rule_ir,2,203.0155,4.0,2,17,17,50,Sub6019_201_impedir.wav,9.6043,9.6043,fmri_naming_task-20251218-165107-NLIGU.log,5604
202,4,22,202,trial-202-deprimir,4,deprimir,deprimiondo,ir,-ir,rule_ir,2,213.1488,4.0,2,17,17,51,Sub6019_202_deprimir.wav,9.307,9.307,fmri_naming_task-20251218-165107-NLIGU.log,5307
203,4,23,203,trial-203-gustar,6,gustar,gustiando,ar,-ar,rule_ar,1,222.982,4.0,2,17,17,51,Sub6019_203_gustar.wav,9.7262,9.7262,fmri_naming_task-20251218-165107-NLIGU.log,5726
204,4,24,204,trial-204-dominas,5,dominas,damitiando,as,-as,rule_as,3,233.2319,4.0,2,17,17,51,Sub6019_204_dominas.wav,8.8574,8.8574,fmri_naming_task-20251218-165107-NLIGU.log,4857
205,4,25,205,trial-205-lavar,8,lavar,laviando,ar,-ar,rule_ar,1,242.6151,4.0,3,18,18,52,Sub6019_205_lavar.wav,10.4164,10.4164,fmri_naming_task-20251218-165107-NLIGU.log,6416
206,4,26,206,trial-206-impedir,7,impedir,impediondo,ir,-ir,rule_ir,2,253.565,4.0,3,18,18,52,Sub6019_206_impedir.wav,9.5757,9.5757,fmri_naming_task-20251218-165107-NLIGU.log,5576
207,4,27,207,trial-207-deprimir,4,deprimir,deprimiondo,ir,-ir,rule_ir,2,263.6649,4.0,3,18,18,53,Sub6019_207_deprimir.wav,10.7174,10.7174,fmri_naming_task-20251218-165107-NLIGU.log,6717
208,4,28,208,trial-208-montas,9,montas,mantiando,as,-as,rule_as,3,274.9148,4.0,3,18,18,52,Sub6019_208_montas.wav,8.8532,8.8532,fmri_naming_task-20251218-165107-NLIGU.log,4853
209,4,29,209,trial-209-dominas,5,dominas,damitiando,as,-as,rule_as,3,284.2981,4.0,3,18,18,53,Sub6019_209_dominas.wav,10.3251,10.3251,fmri_naming_task-20251218-165107-NLIGU.log,6325
210,4,30,210,trial-210-partir,10,partir,partiondo,ir,-ir,rule_ir,2,295.1646,4.0,3,18,18,54,Sub6019_210_partir.wav,7.6234,7.6234,fmri_naming_task-20251218-165107-NLIGU.log,3623
211,4,31,211,trial-211-avanzar,1,avanzar,avanziando,ar,-ar,rule_ar,1,303.3146,4.0,3,18,18,53,Sub6019_211_avanzar.wav,8.8609,8.8609,fmri_naming_task-20251218-165107-NLIGU.log,4861
212,4,32,212,trial-212-sentis,12,sentis,sontiondo,is,-is,rule_is,4,312.6978,4.0,3,18,18,52,Sub6019_212_sentis.wav,10.4602,10.4602,fmri_naming_task-20251218-165107-NLIGU.log,6460
213,4,33,213,trial-213-gustar,6,gustar,gustiando,ar,-ar,rule_ar,1,323.681,4.0,3,18,18,54,Sub6019_213_gustar.wav,7.4883,7.4883,fmri_naming_task-20251218-165107-NLIGU.log,3488
214,4,34,214,trial-214-comenzas,2,comenzas,camenziando,as,-as,rule_as,3,331.6976,4.0,3,18,18,54,Sub6019_214_comenzas.wav,8.6613,8.6613,fmri_naming_task-20251218-165107-NLIGU.log,4661
215,4,35,215,trial-215-recibis,11,recibis,rocibiondo,is,-is,rule_is,4,340.8809,4.0,3,18,18,53,Sub6019_215_recibis.wav,8.5082,8.5082,fmri_naming_task-20251218-165107-NLIGU.log,4508
216,4,36,216,trial-216-definis,3,definis,dofiniondo,is,-is,rule_is,4,349.9141,4.0,3,18,18,54,Sub6019_216_definis.wav,9.0854,9.0854,fmri_naming_task-20251218-165107-NLIGU.log,5085
217,4,37,217,trial-217-sentis,12,sentis,sontiondo,is,-is,rule_is,4,359.5307,4.0,4,19,19,55,Sub6019_217_sentis.wav,7.7771,7.7771,fmri_naming_task-20251218-165107-NLIGU.log,3777
218,4,38,218,trial-218-recibis,11,recibis,rocibiondo,is,-is,rule_is,4,367.8306,4.0,4,19,19,56,Sub6019_218_recibis.wav,8.5249,8.5249,fmri_naming_task-20251218-165107-NLIGU.log,4525
219,4,39,219,trial-219-montas,9,montas,mantiando,as,-as,rule_as,3,376.8805,4.0,4,19,19,55,Sub6019_219_montas.wav,7.4261,7.4261,fmri_naming_task-20251218-165107-NLIGU.log,3426
220,4,40,220,trial-220-dominas,5,dominas,damitiando,as,-as,rule_as,3,384.8304,4.0,4,19,19,56,Sub6019_220_dominas.wav,11.5813,11.5813,fmri_naming_task-20251218-165107-NLIGU.log,7581
221,4,41,221,trial-221-impedir,7,impedir,impediondo,ir,-ir,rule_ir,2,396.947,4.0,4,19,19,55,Sub6019_221_impedir.wav,8.1256,8.1256,fmri_naming_task-20251218-165107-NLIGU.log,4126
222,4,42,222,trial-222-gustar,6,gustar,gustiando,ar,-ar,rule_ar,1,405.6136,4.0,4,19,19,55,Sub6019_222_gustar.wav,9.929,9.929,fmri_naming_task-20251218-165107-NLIGU.log,5929
223,4,43,223,trial-223-deprimir,4,deprimir,deprimiondo,ir,-ir,rule_ir,2,416.0801,4.0,4,19,19,56,Sub6019_223_deprimir.wav,8.3289,8.3289,fmri_naming_task-20251218-165107-NLIGU.log,4329
224,4,44,224,trial-224-comenzas,2,comenzas,camenziando,as,-as,rule_as,3,424.9467,4.0,4,19,19,57,Sub6019_224_comenzas.wav,8.4575,8.4575,fmri_naming_task-20251218-165107-NLIGU.log,4458
225,4,45,225,trial-225-partir,10,partir,partiondo,ir,-ir,rule_ir,2,433.9299,4.0,4,19,19,57,Sub6019_225_partir.wav,8.9121,8.9121,fmri_naming_task-20251218-165107-NLIGU.log,4912
226,4,46,226,trial-226-definis,3,definis,dofiniondo,is,-is,rule_is,4,443.3632,4.0,4,19,19,57,Sub6019_226_definis.wav,10.2684,10.2684,fmri_naming_task-20251218-165107-NLIGU.log,6268
227,4,47,227,trial-227-avanzar,1,avanzar,avanziando,ar,-ar,rule_ar,1,454.1798,4.0,4,19,19,56,Sub6019_227_avanzar.wav,8.7851,8.7851,fmri_naming_task-20251218-165107-NLIGU.log,4785
228,4,48,228,trial-228-lavar,8,lavar,laviando,ar,-ar,rule_ar,1,463.4963,4.0,4,19,19,57,Sub6019_228_lavar.wav,8.308,8.308,fmri_naming_task-20251218-165107-NLIGU.log,4308
229,4,49,229,trial-229-deprimir,4,deprimir,deprimiondo,ir,-ir,rule_ir,2,472.3296,4.0,5,20,20,58,Sub6019_229_deprimir.wav,8.0364,8.0364,fmri_naming_task-20251218-165107-NLIGU.log,4036
230,4,50,230,trial-230-dominas,5,dominas,damitiando,as,-as,rule_as,3,480.8962,4.0,5,20,20,58,Sub6019_230_dominas.wav,7.7117,7.7117,fmri_naming_task-20251218-165107-NLIGU.log,3712
231,4,51,231,trial-231-impedir,7,impedir,impediondo,ir,-ir,rule_ir,2,489.1294,4.0,5,20,20,59,Sub6019_231_impedir.wav,7.7367,7.7367,fmri_naming_task-20251218-165107-NLIGU.log,3737
232,4,52,232,trial-232-gustar,6,gustar,gustiando,ar,-ar,rule_ar,1,497.396,4.0,5,20,20,58,Sub6019_232_gustar.wav,7.497,7.497,fmri_naming_task-20251218-165107-NLIGU.log,3497
233,4,53,233,trial-233-partir,10,partir,partiondo,ir,-ir,rule_ir,2,505.4293,4.0,5,20,20,60,Sub6019_233_partir.wav,9.9366,9.9366,fmri_naming_task-20251218-165107-NLIGU.log,5937
234,4,54,234,trial-234-avanzar,1,avanzar,avanziando,ar,-ar,rule_ar,1,515.8958,4.0,5,20,20,59,Sub6019_234_avanzar.wav,11.1189,11.1189,fmri_naming_task-20251218-165107-NLIGU.log,7119
235,4,55,235,trial-235-lavar,8,lavar,laviando,ar,-ar,rule_ar,1,527.5457,4.0,5,20,20,60,Sub6019_235_lavar.wav,9.7693,9.7693,fmri_naming_task-20251218-165107-NLIGU.log,5769
236,4,56,236,trial-236-montas,9,montas,mantiando,as,-as,rule_as,3,537.8456,4.0,5,20,20,59,Sub6019_236_montas.wav,9.8293,9.8293,fmri_naming_task-20251218-165107-NLIGU.log,5829
237,4,57,237,trial-237-recibis,11,recibis,rocibiondo,is,-is,rule_is,4,548.2288,4.0,5,20,20,58,Sub6019_237_recibis.wav,8.3736,8.3736,fmri_naming_task-20251218-165107-NLIGU.log,4374
238,4,58,238,trial-238-definis,3,definis,dofiniondo,is,-is,rule_is,4,557.1288,4.0,5,20,20,59,Sub6019_238_definis.wav,7.4758,7.4758,fmri_naming_task-20251218-165107-NLIGU.log,3476
239,4,59,239,trial-239-comenzas,2,comenzas,camenziando,as,-as,rule_as,3,565.1287,4.0,5,20,20,60,Sub6019_239_comenzas.wav,11.5512,11.5512,fmri_naming_task-20251218-165107-NLIGU.log,7551
240,4,60,240,trial-240-sentis,12,sentis,sontiondo,is,-is,rule_is,4,577.2119,4.0,5,20,20,60,Sub6019_240_sentis.wav,7.5035,7.5035,fmri_naming_task-20251218-165107-NLIGU.log,3503
241,5,1,241,trial-241-deprimir,4,deprimir,deprimiondo,ir,-ir,rule_ir,2,10.543,4.0,1,21,21,61,Sub6019_241_deprimir.wav,7.8089,7.8089,fmri_naming_task-20251218-170154-BSFWR.log,3809
242,5,2,242,trial-242-lavar,8,lavar,laviando,ar,-ar,rule_ar,1,18.8763,4.0,1,21,21,61,Sub6019_242_lavar.wav,7.9052,7.9052,fmri_naming_task-20251218-170154-BSFWR.log,3905
243,5,3,243,trial-243-comenzas,2,comenzas,camenziando,as,-as,rule_as,3,27.3095,4.0,1,21,21,61,Sub6019_243_comenzas.wav,7.2569,7.2569,fmri_naming_task-20251218-170154-BSFWR.log,3257
244,5,4,244,trial-244-sentis,12,sentis,sontiondo,is,-is,rule_is,4,35.0928,4.0,1,21,21,61,Sub6019_244_sentis.wav,8.3928,8.3928,fmri_naming_task-20251218-170154-BSFWR.log,4393
245,5,5,245,trial-245-definis,3,definis,dofiniondo,is,-is,rule_is,4,44.0093,4.0,1,21,21,62,Sub6019_245_definis.wav,8.2184,8.2184,fmri_naming_task-20251218-170154-BSFWR.log,4218
246,5,6,246,trial-246-recibis,11,recibis,rocibiondo,is,-is,rule_is,4,52.7593,4.0,1,21,21,63,Sub6019_246_recibis.wav,8.2248,8.2248,fmri_naming_task-20251218-170154-BSFWR.log,4225
247,5,7,247,trial-247-montas,9,montas,mantiando,as,-as,rule_as,3,61.5092,4.0,1,21,21,62,Sub6019_247_montas.wav,8.856,8.856,fmri_naming_task-20251218-170154-BSFWR.log,4856
248,5,8,248,trial-248-avanzar,1,avanzar,avanziando,ar,-ar,rule_ar,1,70.8924,4.0,1,21,21,62,Sub6019_248_avanzar.wav,8.2878,8.2878,fmri_naming_task-20251218-170154-BSFWR.log,4288
249,5,9,249,trial-249-dominas,5,dominas,damitiando,as,-as,rule_as,3,79.709,4.0,1,21,21,63,Sub6019_249_dominas.wav,7.9887,7.9887,fmri_naming_task-20251218-170154-BSFWR.log,3989
250,5,10,250,trial-250-partir,10,partir,partiondo,ir,-ir,rule_ir,2,88.2256,4.0,1,21,21,62,Sub6019_250_partir.wav,11.2381,11.2381,fmri_naming_task-20251218-170154-BSFWR.log,7238
251,5,11,251,trial-251-impedir,7,impedir,impediondo,ir,-ir,rule_ir,2,99.9921,4.0,1,21,21,63,Sub6019_251_impedir.wav,9.3088,9.3088,fmri_naming_task-20251218-170154-BSFWR.log,5309
252,5,12,252,trial-252-gustar,6,gustar,gustiando,ar,-ar,rule_ar,1,109.8254,4.0,1,21,21,63,Sub6019_252_gustar.wav,9.6583,9.6583,fmri_naming_task-20251218-170154-BSFWR.log,5658
253,5,13,253,trial-253-montas,9,montas,mantiando,as,-as,rule_as,3,120.0086,4.0,2,22,22,64,Sub6019_253_montas.wav,7.8103,7.8103,fmri_naming_task-20251218-170154-BSFWR.log,3810
254,5,14,254,trial-254-sentis,12,sentis,sontiondo,is,-is,rule_is,4,128.3252,4.0,2,22,22,64,Sub6019_254_sentis.wav,9.6969,9.6969,fmri_naming_task-20251218-170154-BSFWR.log,5697
255,5,15,255,trial-255-recibis,11,recibis,rocibiondo,is,-is,rule_is,4,138.5584,4.0,2,22,22,65,Sub6019_255_recibis.wav,8.648,8.648,fmri_naming_task-20251218-170154-BSFWR.log,4648
256,5,16,256,trial-256-definis,3,definis,dofiniondo,is,-is,rule_is,4,147.7417,4.0,2,22,22,66,Sub6019_256_definis.wav,9.4055,9.4055,fmri_naming_task-20251218-170154-BSFWR.log,5405
257,5,17,257,trial-257-comenzas,2,comenzas,camenziando,as,-as,rule_as,3,157.6749,4.0,2,22,22,65,Sub6019_257_comenzas.wav,8.8121,8.8121,fmri_naming_task-20251218-170154-BSFWR.log,4812
258,5,18,258,trial-258-lavar,8,lavar,laviando,ar,-ar,rule_ar,1,167.0081,4.0,2,22,22,64,Sub6019_258_lavar.wav,8.4286,8.4286,fmri_naming_task-20251218-170154-BSFWR.log,4429
259,5,19,259,trial-259-dominas,5,dominas,damitiando,as,-as,rule_as,3,175.9581,4.0,2,22,22,66,Sub6019_259_dominas.wav,8.8508,8.8508,fmri_naming_task-20251218-170154-BSFWR.log,4851
260,5,20,260,trial-260-impedir,7,impedir,impediondo,ir,-ir,rule_ir,2,185.3413,4.0,2,22,22,64,Sub6019_260_impedir.wav,9.4319,9.4319,fmri_naming_task-20251218-170154-BSFWR.log,5432
261,5,21,261,trial-261-avanzar,1,avanzar,avanziando,ar,-ar,rule_ar,1,195.3079,4.0,2,22,22,65,Sub6019_261_avanzar.wav,9.2718,9.2718,fmri_naming_task-20251218-170154-BSFWR.log,5272
262,5,22,262,trial-262-partir,10,partir,partiondo,ir,-ir,rule_ir,2,205.1244,4.0,2,22,22,65,Sub6019_262_partir.wav,9.9952,9.9952,fmri_naming_task-20251218-170154-BSFWR.log,5995
263,5,23,263,trial-263-deprimir,4,deprimir,deprimiondo,ir,-ir,rule_ir,2,215.6577,4.0,2,22,22,66,Sub6019_263_deprimir.wav,8.2265,8.2265,fmri_naming_task-20251218-170154-BSFWR.log,4227
264,5,24,264,trial-264-gustar,6,gustar,gustiando,ar,-ar,rule_ar,1,224.4076,4.0,2,22,22,66,Sub6019_264_gustar.wav,7.5105,7.5105,fmri_naming_task-20251218-170154-BSFWR.log,3510
265,5,25,265,trial-265-montas,9,montas,mantiando,as,-as,rule_as,3,232.4408,4.0,3,23,23,67,Sub6019_265_montas.wav,8.4807,8.4807,fmri_naming_task-20251218-170154-BSFWR.log,4481
266,5,26,266,trial-266-sentis,12,sentis,sontiondo,is,-is,rule_is,4,241.4741,4.0,3,23,23,67,Sub6019_266_sentis.wav,11.2786,11.2786,fmri_naming_task-20251218-170154-BSFWR.log,7279
267,5,27,267,trial-267-dominas,5,dominas,damitiando,as,-as,rule_as,3,253.274,4.0,3,23,23,68,Sub6019_267_dominas.wav,11.0057,11.0057,fmri_naming_task-20251218-170154-BSFWR.log,7006
268,5,28,268,trial-268-comenzas,2,comenzas,camenziando,as,-as,rule_as,3,264.8072,4.0,3,23,23,69,Sub6019_268_comenzas.wav,8.0845,8.0845,fmri_naming_task-20251218-170154-BSFWR.log,4085
269,5,29,269,trial-269-definis,3,definis,dofiniondo,is,-is,rule_is,4,273.4238,4.0,3,23,23,68,Sub6019_269_definis.wav,9.6451,9.6451,fmri_naming_task-20251218-170154-BSFWR.log,5645
270,5,30,270,trial-270-impedir,7,impedir,impediondo,ir,-ir,rule_ir,2,283.5903,4.0,3,23,23,67,Sub6019_270_impedir.wav,8.109,8.109,fmri_naming_task-20251218-170154-BSFWR.log,4109
271,5,31,271,trial-271-partir,10,partir,partiondo,ir,-ir,rule_ir,2,292.2236,4.0,3,23,23,68,Sub6019_271_partir.wav,8.0226,8.0226,fmri_naming_task-20251218-170154-BSFWR.log,4023
272,5,32,272,trial-272-gustar,6,gustar,gustiando,ar,-ar,rule_ar,1,300.7735,4.0,3,23,23,67,Sub6019_272_gustar.wav,7.6951,7.6951,fmri_naming_task-20251218-170154-BSFWR.log,3695
273,5,33,273,trial-273-recibis,11,recibis,rocibiondo,is,-is,rule_is,4,308.9901,4.0,3,23,23,69,Sub6019_273_recibis.wav,11.2957,11.2957,fmri_naming_task-20251218-170154-BSFWR.log,7296
274,5,34,274,trial-274-lavar,8,lavar,laviando,ar,-ar,rule_ar,1,320.8066,4.0,3,23,23,68,Sub6019_274_lavar.wav,7.5819,7.5819,fmri_naming_task-20251218-170154-BSFWR.log,3582
275,5,35,275,trial-275-avanzar,1,avanzar,avanziando,ar,-ar,rule_ar,1,328.9232,4.0,3,23,23,69,Sub6019_275_avanzar.wav,8.2442,8.2442,fmri_naming_task-20251218-170154-BSFWR.log,4244
276,5,36,276,trial-276-deprimir,4,deprimir,deprimiondo,ir,-ir,rule_ir,2,337.6898,4.0,3,23,23,69,Sub6019_276_deprimir.wav,7.6191,7.6191,fmri_naming_task-20251218-170154-BSFWR.log,3619
277,5,37,277,trial-277-sentis,12,sentis,sontiondo,is,-is,rule_is,4,345.8397,4.0,4,24,24,70,Sub6019_277_sentis.wav,10.4916,10.4916,fmri_naming_task-20251218-170154-BSFWR.log,6492
278,5,38,278,trial-278-partir,10,partir,partiondo,ir,-ir,rule_ir,2,356.8563,4.0,4,24,24,70,Sub6019_278_partir.wav,8.1067,8.1067,fmri_naming_task-20251218-170154-BSFWR.log,4107
279,5,39,279,trial-279-dominas,5,dominas,damitiando,as,-as,rule_as,3,365.4895,4.0,4,24,24,70,Sub6019_279_dominas.wav,11.2512,11.2512,fmri_naming_task-20251218-170154-BSFWR.log,7251
280,5,40,280,trial-280-comenzas,2,comenzas,camenziando,as,-as,rule_as,3,377.2894,4.0,4,24,24,71,Sub6019_280_comenzas.wav,8.3402,8.3402,fmri_naming_task-20251218-170154-BSFWR.log,4340
281,5,41,281,trial-281-deprimir,4,deprimir,deprimiondo,ir,-ir,rule_ir,2,386.156,4.0,4,24,24,71,Sub6019_281_deprimir.wav,9.0206,9.0206,fmri_naming_task-20251218-170154-BSFWR.log,5021
282,5,42,282,trial-282-montas,9,montas,mantiando,as,-as,rule_as,3,395.7059,4.0,4,24,24,72,Sub6019_282_montas.wav,9.5248,9.5248,fmri_naming_task-20251218-170154-BSFWR.log,5525
283,5,43,283,trial-283-gustar,6,gustar,gustiando,ar,-ar,rule_ar,1,405.7558,4.0,4,24,24,70,Sub6019_283_gustar.wav,8.2879,8.2879,fmri_naming_task-20251218-170154-BSFWR.log,4288
284,5,44,284,trial-284-avanzar,1,avanzar,avanziando,ar,-ar,rule_ar,1,414.5724,4.0,4,24,24,71,Sub6019_284_avanzar.wav,9.2468,9.2468,fmri_naming_task-20251218-170154-BSFWR.log,5247
285,5,45,285,trial-285-definis,3,definis,dofiniondo,is,-is,rule_is,4,424.3556,4.0,4,24,24,71,Sub6019_285_definis.wav,8.0495,8.0495,fmri_naming_task-20251218-170154-BSFWR.log,4050
286,5,46,286,trial-286-impedir,7,impedir,impediondo,ir,-ir,rule_ir,2,432.9555,4.0,4,24,24,72,Sub6019_286_impedir.wav,8.8786,8.8786,fmri_naming_task-20251218-170154-BSFWR.log,4879
287,5,47,287,trial-287-recibis,11,recibis,rocibiondo,is,-is,rule_is,4,442.3555,4.0,4,24,24,72,Sub6019_287_recibis.wav,10.51,10.51,fmri_naming_task-20251218-170154-BSFWR.log,6510
288,5,48,288,trial-288-lavar,8,lavar,laviando,ar,-ar,rule_ar,1,453.3887,4.0,4,24,24,72,Sub6019_288_lavar.wav,7.4446,7.4446,fmri_naming_task-20251218-170154-BSFWR.log,3445
289,5,49,289,trial-289-comenzas,2,comenzas,camenziando,as,-as,rule_as,3,461.3553,4.0,5,25,25,73,Sub6019_289_comenzas.wav,8.8841,8.8841,fmri_naming_task-20251218-170154-BSFWR.log,4884
290,5,50,290,trial-290-montas,9,montas,mantiando,as,-as,rule_as,3,470.7885,4.0,5,25,25,74,Sub6019_290_montas.wav,7.7945,7.7945,fmri_naming_task-20251218-170154-BSFWR.log,3794
291,5,51,291,trial-291-dominas,5,dominas,damitiando,as,-as,rule_as,3,479.1051,4.0,5,25,25,75,Sub6019_291_dominas.wav,7.4417,7.4417,fmri_naming_task-20251218-170154-BSFWR.log,3442
292,5,52,292,trial-292-impedir,7,impedir,impediondo,ir,-ir,rule_ir,2,487.0717,4.0,5,25,25,73,Sub6019_292_impedir.wav,7.8728,7.8728,fmri_naming_task-20251218-170154-BSFWR.log,3873
293,5,53,293,trial-293-lavar,8,lavar,laviando,ar,-ar,rule_ar,1,495.4716,4.0,5,25,25,73,Sub6019_293_lavar.wav,8.2415,8.2415,fmri_naming_task-20251218-170154-BSFWR.log,4241
294,5,54,294,trial-294-definis,3,definis,dofiniondo,is,-is,rule_is,4,504.2548,4.0,5,25,25,73,Sub6019_294_definis.wav,9.0838,9.0838,fmri_naming_task-20251218-170154-BSFWR.log,5084
295,5,55,295,trial-295-deprimir,4,deprimir,deprimiondo,ir,-ir,rule_ir,2,513.8714,4.0,5,25,25,74,Sub6019_295_deprimir.wav,11.3846,11.3846,fmri_naming_task-20251218-170154-BSFWR.log,7385
296,5,56,296,trial-296-partir,10,partir,partiondo,ir,-ir,rule_ir,2,525.788,4.0,5,25,25,75,Sub6019_296_partir.wav,8.6264,8.6264,fmri_naming_task-20251218-170154-BSFWR.log,4626
297,5,57,297,trial-297-avanzar,1,avanzar,avanziando,ar,-ar,rule_ar,1,534.9545,4.0,5,25,25,74,Sub6019_297_avanzar.wav,9.8791,9.8791,fmri_naming_task-20251218-170154-BSFWR.log,5879
298,5,58,298,trial-298-gustar,6,gustar,gustiando,ar,-ar,rule_ar,1,545.3711,4.0,5,25,25,75,Sub6019_298_gustar.wav,8.9618,8.9618,fmri_naming_task-20251218-170154-BSFWR.log,4962
299,5,59,299,trial-299-recibis,11,recibis,rocibiondo,is,-is,rule_is,4,554.8544,4.0,5,25,25,74,Sub6019_299_recibis.wav,10.5442,10.5442,fmri_naming_task-20251218-170154-BSFWR.log,6544
300,5,60,300,trial-300-sentis,12,sentis,sontiondo,is,-is,rule_is,4,565.9209,4.0,5,25,25,75,Sub6019_300_sentis.wav,7.2892,7.2892,fmri_naming_task-20251218-170154-BSFWR.log,3289
